<?xml version="1.0" encoding="UTF-8"?>
<GenRun Id="impl_1" LaunchPart="xc7z020clg484-1" LaunchTime="1588318846">
  <File Type="OPT-HWDEF" Name="one_sec.hwdef"/>
  <File Type="ROUTE-BUS-SKEW" Name="one_sec_bus_skew_routed.rpt"/>
  <File Type="PA-DCP" Name="one_sec.dcp"/>
  <File Type="BITSTR-BMM" Name="one_sec_bd.bmm"/>
  <File Type="OPT-METHODOLOGY-DRC" Name="one_sec_methodology_drc_opted.rpt"/>
  <File Type="INIT-TIMING" Name="one_sec_timing_summary_init.rpt"/>
  <File Type="ROUTE-PWR" Name="one_sec_power_routed.rpt"/>
  <File Type="PA-TCL" Name="one_sec.tcl"/>
  <File Type="OPT-TIMING" Name="one_sec_timing_summary_opted.rpt"/>
  <File Type="OPT-DCP" Name="one_sec_opt.dcp"/>
  <File Type="ROUTE-PWR-SUM" Name="one_sec_power_summary_routed.pb"/>
  <File Type="REPORTS-TCL" Name="one_sec_reports.tcl"/>
  <File Type="OPT-DRC" Name="one_sec_drc_opted.rpt"/>
  <File Type="PWROPT-DCP" Name="one_sec_pwropt.dcp"/>
  <File Type="PWROPT-DRC" Name="one_sec_drc_pwropted.rpt"/>
  <File Type="PWROPT-TIMING" Name="one_sec_timing_summary_pwropted.rpt"/>
  <File Type="PLACE-DCP" Name="one_sec_placed.dcp"/>
  <File Type="PLACE-IO" Name="one_sec_io_placed.rpt"/>
  <File Type="PLACE-CLK" Name="one_sec_clock_utilization_placed.rpt"/>
  <File Type="PLACE-UTIL" Name="one_sec_utilization_placed.rpt"/>
  <File Type="PLACE-UTIL-PB" Name="one_sec_utilization_placed.pb"/>
  <File Type="PLACE-CTRL" Name="one_sec_control_sets_placed.rpt"/>
  <File Type="PLACE-SIMILARITY" Name="one_sec_incremental_reuse_placed.rpt"/>
  <File Type="PLACE-PRE-SIMILARITY" Name="one_sec_incremental_reuse_pre_placed.rpt"/>
  <File Type="PLACE-TIMING" Name="one_sec_timing_summary_placed.rpt"/>
  <File Type="POSTPLACE-PWROPT-DCP" Name="one_sec_postplace_pwropt.dcp"/>
  <File Type="BG-BIN" Name="one_sec.bin"/>
  <File Type="POSTPLACE-PWROPT-TIMING" Name="one_sec_timing_summary_postplace_pwropted.rpt"/>
  <File Type="PHYSOPT-DCP" Name="one_sec_physopt.dcp"/>
  <File Type="PHYSOPT-DRC" Name="one_sec_drc_physopted.rpt"/>
  <File Type="BITSTR-MSK" Name="one_sec.msk"/>
  <File Type="PHYSOPT-TIMING" Name="one_sec_timing_summary_physopted.rpt"/>
  <File Type="ROUTE-ERROR-DCP" Name="one_sec_routed_error.dcp"/>
  <File Type="ROUTE-DCP" Name="one_sec_routed.dcp"/>
  <File Type="ROUTE-BLACKBOX-DCP" Name="one_sec_routed_bb.dcp"/>
  <File Type="ROUTE-DRC" Name="one_sec_drc_routed.rpt"/>
  <File Type="ROUTE-DRC-PB" Name="one_sec_drc_routed.pb"/>
  <File Type="BITSTR-LTX" Name="debug_nets.ltx"/>
  <File Type="BITSTR-LTX" Name="one_sec.ltx"/>
  <File Type="ROUTE-DRC-RPX" Name="one_sec_drc_routed.rpx"/>
  <File Type="BITSTR-MMI" Name="one_sec.mmi"/>
  <File Type="ROUTE-METHODOLOGY-DRC" Name="one_sec_methodology_drc_routed.rpt"/>
  <File Type="ROUTE-METHODOLOGY-DRC-RPX" Name="one_sec_methodology_drc_routed.rpx"/>
  <File Type="BITSTR-SYSDEF" Name="one_sec.sysdef"/>
  <File Type="ROUTE-METHODOLOGY-DRC-PB" Name="one_sec_methodology_drc_routed.pb"/>
  <File Type="ROUTE-PWR-RPX" Name="one_sec_power_routed.rpx"/>
  <File Type="ROUTE-STATUS" Name="one_sec_route_status.rpt"/>
  <File Type="ROUTE-STATUS-PB" Name="one_sec_route_status.pb"/>
  <File Type="ROUTE-TIMINGSUMMARY" Name="one_sec_timing_summary_routed.rpt"/>
  <File Type="ROUTE-TIMING-PB" Name="one_sec_timing_summary_routed.pb"/>
  <File Type="ROUTE-TIMING-RPX" Name="one_sec_timing_summary_routed.rpx"/>
  <File Type="ROUTE-SIMILARITY" Name="one_sec_incremental_reuse_routed.rpt"/>
  <File Type="ROUTE-CLK" Name="one_sec_clock_utilization_routed.rpt"/>
  <File Type="ROUTE-BUS-SKEW-PB" Name="one_sec_bus_skew_routed.pb"/>
  <File Type="ROUTE-BUS-SKEW-RPX" Name="one_sec_bus_skew_routed.rpx"/>
  <File Type="POSTROUTE-PHYSOPT-DCP" Name="one_sec_postroute_physopt.dcp"/>
  <File Type="POSTROUTE-PHYSOPT-BLACKBOX-DCP" Name="one_sec_postroute_physopt_bb.dcp"/>
  <File Type="POSTROUTE-PHYSOPT-TIMING" Name="one_sec_timing_summary_postroute_physopted.rpt"/>
  <File Type="POSTROUTE-PHYSOPT-TIMING-PB" Name="one_sec_timing_summary_postroute_physopted.pb"/>
  <File Type="POSTROUTE-PHYSOPT-TIMING-RPX" Name="one_sec_timing_summary_postroute_physopted.rpx"/>
  <File Type="POSTROUTE-PHYSOPT-BUS-SKEW" Name="one_sec_bus_skew_postroute_physopted.rpt"/>
  <File Type="POSTROUTE-PHYSOPT-BUS-SKEW-PB" Name="one_sec_bus_skew_postroute_physopted.pb"/>
  <File Type="BG-BIT" Name="one_sec.bit"/>
  <File Type="POSTROUTE-PHYSOPT-BUS-SKEW-RPX" Name="one_sec_bus_skew_postroute_physopted.rpx"/>
  <File Type="BITSTR-RBT" Name="one_sec.rbt"/>
  <File Type="BITSTR-NKY" Name="one_sec.nky"/>
  <File Type="BG-BGN" Name="one_sec.bgn"/>
  <File Type="BG-DRC" Name="one_sec.drc"/>
  <File Type="RDI-RDI" Name="one_sec.vdi"/>
  <File Type="WBT-USG" Name="usage_statistics_webtalk.html"/>
  <FileSet Name="sources" Type="DesignSrcs" RelSrcDir="$PSRCDIR/sources_1">
    <Filter Type="Srcs"/>
    <File Path="$PSRCDIR/sources_1/new/one_sec.v">
      <FileInfo>
        <Attr Name="UsedIn" Val="synthesis"/>
        <Attr Name="UsedIn" Val="implementation"/>
        <Attr Name="UsedIn" Val="simulation"/>
      </FileInfo>
    </File>
    <Config>
      <Option Name="DesignMode" Val="RTL"/>
      <Option Name="TopModule" Val="one_sec"/>
      <Option Name="TopAutoSet" Val="TRUE"/>
    </Config>
  </FileSet>
  <FileSet Name="constrs_in" Type="Constrs" RelSrcDir="$PSRCDIR/constrs_1">
    <Filter Type="Constrs"/>
    <File Path="$PSRCDIR/constrs_1/new/one_sec.xdc">
      <FileInfo>
        <Attr Name="UsedIn" Val="synthesis"/>
        <Attr Name="UsedIn" Val="implementation"/>
      </FileInfo>
    </File>
    <Config>
      <Option Name="TargetConstrsFile" Val="$PSRCDIR/constrs_1/new/one_sec.xdc"/>
      <Option Name="ConstrsType" Val="XDC"/>
    </Config>
  </FileSet>
  <FileSet Name="utils" Type="Utils" RelSrcDir="$PSRCDIR/utils_1">
    <Filter Type="Utils"/>
    <Config>
      <Option Name="TopAutoSet" Val="TRUE"/>
    </Config>
  </FileSet>
  <Strategy Version="1" Minor="2">
    <StratHandle Name="Vivado Implementation Defaults" Flow="Vivado Implementation 2018"/>
    <Step Id="init_design"/>
    <Step Id="opt_design"/>
    <Step Id="power_opt_design"/>
    <Step Id="place_design"/>
    <Step Id="post_place_power_opt_design"/>
    <Step Id="phys_opt_design"/>
    <Step Id="route_design"/>
    <Step Id="post_route_phys_opt_design"/>
    <Step Id="write_bitstream"/>
  </Strategy>
</GenRun>
